season_code,date,gamecode_num,home_team_code,away_team_code,home,y,home_games_played_pre,away_games_played_pre,d_r5_ts_pre,d_r5_efg_pre,d_r5_to_pre,d_r5_margin_pre,d_r5_usage_conc_pre
E2025,2025-09-30 00:00:00+00:00,1,IST,TEL,1,1,0,0,0.0,0.0,0.0,0.0,0.0
E2025,2025-09-30 00:00:00+00:00,2,BAS,OLY,1,0,0,0,0.0,0.0,0.0,0.0,0.0
E2025,2025-09-30 00:00:00+00:00,3,RED,MIL,1,0,0,0,0.0,0.0,0.0,0.0,0.0
E2025,2025-09-30 00:00:00+00:00,4,DUB,PAR,1,1,0,0,0.0,0.0,0.0,0.0,0.0
E2025,2025-09-30 00:00:00+00:00,5,HTA,BAR,1,1,0,0,0.0,0.0,0.0,0.0,0.0
E2025,2025-09-30 00:00:00+00:00,6,PAN,MUN,1,1,0,0,0.0,0.0,0.0,0.0,0.0
E2025,2025-09-30 00:00:00+00:00,7,VIR,MAD,1,1,0,0,0.0,0.0,0.0,0.0,0.0
E2025,2025-10-01 00:00:00+00:00,8,ULK,PRS,1,1,0,0,0.0,0.0,0.0,0.0,0.0
E2025,2025-10-01 00:00:00+00:00,9,MCO,ZAL,1,0,0,0,0.0,0.0,0.0,0.0,0.0
E2025,2025-10-01 00:00:00+00:00,10,ASV,PAM,1,0,0,0,0.0,0.0,0.0,0.0,0.0
E2025,2025-10-02 00:00:00+00:00,11,MUN,RED,1,1,1,1,-0.04769294156654702,-0.07692307692307693,3.0,2.0,-0.11564420899660954
E2025,2025-10-02 00:00:00+00:00,12,PAR,MIL,1,1,1,1,-0.13626509547611954,-0.17472677595628422,-2.0,-23.0,0.012105980631891278
E2025,2025-10-02 00:00:00+00:00,13,MAD,OLY,1,1,1,1,-0.11251729117819309,-0.03093434343434348,1.0,-12.0,-0.1288117592373057
E2025,2025-10-03 00:00:00+00:00,14,IST,HTA,1,0,1,1,-0.13387429398094708,-0.13158508158508164,2.0,-9.0,0.04116379548493321
E2025,2025-10-03 00:00:00+00:00,15,TEL,PRS,1,0,1,1,0.06088561794285002,0.040953412784398735,-5.0,12.0,-0.11618294430794435
E2025,2025-10-03 00:00:00+00:00,16,MCO,DUB,1,1,1,1,-0.06003745467288679,-0.056221719457013486,3.0,-18.0,0.023899215186306333
E2025,2025-10-03 00:00:00+00:00,17,ASV,BAS,1,1,1,1,-0.07286213012563869,-0.08408119658119656,-2.0,3.0,0.003344863881750315
E2025,2025-10-03 00:00:00+00:00,18,PAN,BAR,1,0,1,1,0.003168720655946977,-0.028968253968253976,-4.0,24.0,0.014459727825437807
E2025,2025-10-03 00:00:00+00:00,19,PAM,VIR,1,1,1,1,-0.0745702166353448,-0.08671679197994997,4.0,-3.0,-0.0823534459973625
E2025,2025-10-03 00:00:00+00:00,20,ZAL,ULK,1,1,1,1,-0.06452357333986047,-0.06231671554252194,-8.0,-14.0,-0.02712830407816219
E2025,2025-10-08 00:00:00+00:00,21,HTA,TEL,1,0,2,2,0.10457553701671463,0.09955287279230934,-4.0,18.0,0.015638462635092165
E2025,2025-10-09 00:00:00+00:00,22,BAS,PAN,1,0,2,2,0.046655416403909356,0.09136904761904752,4.5,-7.0,-0.00962490680257344
E2025,2025-10-09 00:00:00+00:00,23,MIL,MCO,1,0,2,2,0.03686573080544464,0.03623792800702352,3.5,-4.5,-0.06477811719992316
E2025,2025-10-09 00:00:00+00:00,24,PRS,VIR,1,1,2,2,-0.049728774016889354,-0.05009883864591069,6.0,-4.5,0.037661034838539775
E2025,2025-10-09 00:00:00+00:00,25,MAD,ASV,1,1,2,2,-0.03720308311483511,-0.03592657342657335,-2.0,1.0,-0.008946657569887384
E2025,2025-10-09 00:00:00+00:00,26,PAR,IST,1,1,2,2,-0.025000623260967636,-0.010399563851911764,-0.5,-6.0,-0.08664274569755448
E2025,2025-10-10 00:00:00+00:00,27,OLY,DUB,1,1,2,2,-0.05507650867540592,-0.08212052417465071,-1.5,1.5,0.10622783897224586
E2025,2025-10-10 00:00:00+00:00,28,BAR,PAM,1,1,2,2,0.05998528543035331,0.05967162119011582,-1.0,-10.5,0.03042612133836292
E2025,2025-10-10 00:00:00+00:00,29,MUN,ZAL,1,0,2,2,0.0032070474078388367,0.007125632987701858,2.0,-3.5,-0.020407065988950646
E2025,2025-10-10 00:00:00+00:00,30,ULK,RED,1,0,2,2,-0.004481571424427289,0.013817164343111088,0.5,17.5,-0.07334603411313467
E2025,2025-10-14 00:00:00+00:00,31,RED,ZAL,1,1,3,3,-0.045941062194909565,-0.05144533572416421,3.666666666666666,-16.666666666666668,0.11404051662049552
E2025,2025-10-14 00:00:00+00:00,32,MUN,MIL,1,1,3,3,-0.01643815013188321,-0.01847993896160982,1.0,-10.666666666666666,0.04354469953237
E2025,2025-10-14 00:00:00+00:00,33,ULK,DUB,1,0,3,3,0.02718411465416637,0.04059128059708417,3.0,13.0,0.03984587901882786
E2025,2025-10-14 00:00:00+00:00,34,OLY,IST,1,0,3,3,-0.035705347071657845,-0.04754426043325721,-0.3333333333333339,6.0,0.0016282221197704283
E2025,2025-10-14 00:00:00+00:00,35,TEL,BAR,1,0,3,3,-0.05916921253599372,-0.07080795122628214,-0.3333333333333339,0.6666666666666667,-0.019548854366162438
E2025,2025-10-15 00:00:00+00:00,36,PAN,ASV,1,1,3,3,0.024462965533196712,0.0017360239962980195,-0.33333333333333215,4.0,0.07074472689211736
E2025,2025-10-15 00:00:00+00:00,37,PRS,BAS,1,1,3,3,-0.061011092743203044,-0.061505141962888366,1.666666666666666,4.666666666666667,0.0055381008608915705
E2025,2025-10-15 00:00:00+00:00,38,MAD,PAR,1,1,3,3,-0.0018846416546977052,0.000985864230040323,1.666666666666666,8.0,-0.04892403198706785
E2025,2025-10-15 00:00:00+00:00,39,PAM,HTA,1,0,3,3,-0.03250123609118416,-0.012776024800481345,2.0,-1.0,-0.053690146397757044
E2025,2025-10-15 00:00:00+00:00,40,VIR,MCO,1,1,3,3,-0.013670875232590252,-0.026239689472235095,7.666666666666666,-11.333333333333334,-0.030566892593563044
E2025,2025-10-16 00:00:00+00:00,41,DUB,BAR,1,1,4,4,-0.06693679991424273,-0.0955158368822806,-3.25,-5.5,0.08674853740086563
E2025,2025-10-16 00:00:00+00:00,42,ULK,MUN,1,1,4,4,0.006367498488916823,-0.006207254401631279,3.0,0.75,0.024796600494625787
E2025,2025-10-16 00:00:00+00:00,43,TEL,OLY,1,0,4,4,-9.639104834757717e-06,0.016032013075474194,1.0,-7.75,-0.0848142464718657
E2025,2025-10-16 00:00:00+00:00,44,ZAL,MIL,1,0,4,4,0.05771346450286541,0.054557011521883525,-0.5,8.25,0.046040580595371694
E2025,2025-10-17 00:00:00+00:00,45,IST,PAN,1,0,4,4,0.011486563663437588,0.006743918087642631,-0.25,-2.5,0.013795625075950668
E2025,2025-10-17 00:00:00+00:00,46,MCO,PAM,1,1,4,4,-0.029451374322706503,-0.04037834614872615,-5.5,4.25,0.07151343471435478
E2025,2025-10-17 00:00:00+00:00,47,BAS,PAR,1,0,4,4,0.002998418330114494,0.0012490294709363026,6.25,-5.25,0.01171212713753017
E2025,2025-10-17 00:00:00+00:00,48,RED,MAD,1,1,4,4,0.0021791205780329337,0.0020332436733533354,2.0,-7.75,0.1369105828940167
E2025,2025-10-17 00:00:00+00:00,49,ASV,VIR,1,0,4,4,-0.010452397787748424,0.0017784985230538952,-3.25,-1.25,-0.03552469153272031
E2025,2025-10-17 00:00:00+00:00,50,PRS,HTA,1,0,4,4,-0.09972133714480635,-0.08437659058060565,2.25,0.25,-0.02162289625236441
E2025,2025-10-22 00:00:00+00:00,51,TEL,MAD,1,1,5,5,0.013366755688156484,0.004881390177279954,0.7999999999999989,-6.8,0.03510547469203518
E2025,2025-10-23 00:00:00+00:00,52,RED,BAS,1,1,5,5,0.010497852694143606,0.015943234625344527,-0.3999999999999986,11.0,0.04732364870592609
E2025,2025-10-23 00:00:00+00:00,53,MIL,PAM,1,0,5,5,-0.017335517276443446,-0.02551577872743982,-2.8000000000000007,2.4,0.017916641313984183
E2025,2025-10-23 00:00:00+00:00,54,BAR,ZAL,1,0,5,5,0.015042503948723862,0.014947200109320491,1.0,-0.6000000000000001,-0.02830429338340751
E2025,2025-10-23 00:00:00+00:00,55,HTA,MCO,1,1,5,5,0.06572889018350914,0.05300959934604288,3.5999999999999996,-1.0000000000000004,-0.025115435199987324
E2025,2025-10-23 00:00:00+00:00,56,ASV,DUB,1,1,5,5,-0.00565677552769106,0.019083325523814976,1.200000000000001,-4.6000000000000005,-0.09071609261360358
E2025,2025-10-24 00:00:00+00:00,57,IST,ULK,1,0,5,5,-0.015614127867308425,-0.01814679840053024,-3.5999999999999996,-3.4,0.035796710760910955
E2025,2025-10-24 00:00:00+00:00,58,MUN,OLY,1,0,5,5,-0.04095305497999946,-0.014243895336138013,-1.799999999999999,-8.2,-0.07774330730429502
E2025,2025-10-24 00:00:00+00:00,59,PAR,PRS,1,0,5,5,0.04054238574225111,0.043101917168604786,-5.199999999999999,-3.2,0.0032868727608714177
E2025,2025-10-24 00:00:00+00:00,60,VIR,PAN,1,1,5,5,0.0038523767203648696,0.009508674759021285,4.0,-5.199999999999999,-0.04199431950436572
E2025,2025-10-28 00:00:00+00:00,61,BAS,DUB,1,1,6,6,-0.004522416425800313,0.03146782283763416,2.5999999999999996,-7.800000000000001,-0.05728595555676308
E2025,2025-10-28 00:00:00+00:00,62,RED,ASV,1,1,6,6,0.03201004087931436,0.025145182979186997,2.8000000000000007,10.2,0.08484219892815503
E2025,2025-10-28 00:00:00+00:00,63,BAR,MIL,1,1,6,6,0.032541908706723355,0.03274256212412108,2.8000000000000007,4.4,-0.031457478927829075
E2025,2025-10-28 00:00:00+00:00,64,MUN,MAD,1,1,6,6,-0.03557558559255514,-0.02570134191934903,-1.4000000000000004,-12.8,0.009880035307253787
E2025,2025-10-28 00:00:00+00:00,65,PAN,TEL,1,1,6,6,-0.02635472540404693,-0.03592407899879002,-1.0,2.6,0.03368184767626692
E2025,2025-10-28 00:00:00+00:00,66,PRS,IST,1,0,6,6,0.026034070632393713,0.032102450434626006,4.0,17.0,-0.06577329508237573
E2025,2025-10-28 00:00:00+00:00,67,PAM,ULK,1,1,6,6,0.03978077854120776,0.059288337108743705,-1.3999999999999986,0.0,-0.044937260984740046
E2025,2025-10-28 00:00:00+00:00,68,ZAL,VIR,1,1,6,6,0.00566155956273473,0.007753989305713471,-3.5999999999999996,3.6,-0.003637724400860909
E2025,2025-10-29 00:00:00+00:00,69,HTA,PAR,1,1,6,6,0.04243852100241219,0.027578402583864015,3.4000000000000004,2.8,-0.03989305144026695
E2025,2025-10-29 00:00:00+00:00,70,OLY,MCO,1,0,6,6,0.05520788467027571,0.05687549891917065,4.4,2.0,0.028137645699057523
E2025,2025-10-30 00:00:00+00:00,71,MIL,PRS,1,1,7,7,-0.0540023090958609,-0.052006965938002025,-4.6,-8.8,0.010712199019238255
E2025,2025-10-30 00:00:00+00:00,72,MUN,VIR,1,1,7,7,-0.04814980447504513,-0.04984151657677793,-3.6000000000000014,-9.399999999999999,-0.029630812830901965
E2025,2025-10-30 00:00:00+00:00,73,TEL,RED,1,0,7,7,0.027799791335305746,0.028884613895703515,-2.0,-16.6,-0.008753731993055403
E2025,2025-10-30 00:00:00+00:00,74,MAD,ULK,1,1,7,7,-0.005128673243766202,-0.001906458902931507,-1.5999999999999996,3.4,-0.002385454748978777
E2025,2025-10-30 00:00:00+00:00,75,PAM,DUB,1,1,7,7,0.057750227407113885,0.08924274634850354,2.0,0.39999999999999997,-0.12223797596004199
E2025,2025-10-30 00:00:00+00:00,76,ZAL,ASV,1,1,7,7,0.06440650271824266,0.07164091830677566,-0.1999999999999993,15.600000000000001,0.020869321620734294
E2025,2025-10-31 00:00:00+00:00,77,MCO,PAN,1,1,7,7,-0.020640129820320152,-0.017845657188913955,-2.1999999999999993,-3.4,-0.024491300770891566
E2025,2025-10-31 00:00:00+00:00,78,BAS,IST,1,1,7,7,-0.028076917244310384,-0.026670060999315126,2.4000000000000004,-5.3999999999999995,-0.0168349157424742
E2025,2025-10-31 00:00:00+00:00,79,OLY,HTA,1,1,7,7,-0.016722428512680576,-0.023948186555346473,0.0,4.0,0.022112598156356356
E2025,2025-10-31 00:00:00+00:00,80,PAR,BAR,1,0,7,7,-0.0005172302982416888,0.0004116963237871252,-3.1999999999999993,-5.8,0.07752658257610545
E2025,2025-11-05 00:00:00+00:00,83,RED,PAN,1,1,8,8,-0.0007970030249436766,0.002111701962838941,4.6,10.799999999999999,-0.04188478491635916
E2025,2025-11-06 00:00:00+00:00,81,PRS,MUN,1,0,8,8,0.036139188252413135,0.031404077326660784,2.4000000000000004,4.6,0.034803197419759624
E2025,2025-11-06 00:00:00+00:00,82,BAS,VIR,1,1,8,8,0.004885553117226937,-0.00024095985291350264,-0.8000000000000007,-4.2,0.0008874914183754079
E2025,2025-11-06 00:00:00+00:00,84,DUB,HTA,1,0,8,8,-0.029979270497116017,-0.04990821938653911,-0.40000000000000036,-2.2,0.09569487822866457
E2025,2025-11-06 00:00:00+00:00,85,ULK,ASV,1,1,8,8,0.033363701211634234,0.04069695977157062,3.799999999999999,3.5999999999999996,0.0009023851995524912
E2025,2025-11-06 00:00:00+00:00,86,TEL,MCO,1,0,8,8,0.0023077076501897276,-0.0012925858439010174,2.1999999999999993,-9.8,-0.016574663000330725
E2025,2025-11-07 00:00:00+00:00,87,IST,MIL,1,0,8,8,0.007005254389010451,0.021431459222188365,1.1999999999999993,-5.0,0.040828909846146844
E2025,2025-11-07 00:00:00+00:00,88,BAR,MAD,1,0,8,8,-0.026628534336888388,-0.02051819949616185,-1.1999999999999993,-1.2000000000000002,-0.0076073844934109736
E2025,2025-11-07 00:00:00+00:00,89,OLY,PAR,1,1,8,8,0.031582190024937895,0.021667433132363634,2.5999999999999996,9.8,-0.05898021683012089
E2025,2025-11-07 00:00:00+00:00,90,ZAL,PAM,1,1,8,8,0.02996875348283945,0.031986315571221335,-1.1999999999999993,9.2,0.03827083679872273
E2025,2025-11-11 00:00:00+00:00,91,ULK,TEL,1,1,9,9,-0.03312655673157672,-0.025008501402629668,1.0,4.8,-0.04774691537336867
E2025,2025-11-11 00:00:00+00:00,92,HTA,BAS,1,1,9,9,0.010360160543745223,0.0017167955546268931,-0.8000000000000007,6.2,-0.028007655336482862
E2025,2025-11-11 00:00:00+00:00,93,PRS,PAN,1,0,9,9,-0.00019025359623225935,-0.011155672199918865,4.4,1.8,-0.005238231027688056
E2025,2025-11-11 00:00:00+00:00,94,PAM,MAD,1,1,9,9,-0.02709278319081221,-0.018467255960353812,-1.5999999999999996,-1.6,-0.03338409281573995
E2025,2025-11-11 00:00:00+00:00,95,VIR,IST,1,1,9,9,0.00979835702770393,0.003553412833363412,2.0,1.0,-0.0012513196031301854
E2025,2025-11-11 00:00:00+00:00,96,DUB,RED,1,1,9,9,-0.013762574002975758,-0.030287940621611442,-1.8000000000000007,-18.8,0.06295374040384571
E2025,2025-11-11 00:00:00+00:00,97,PAR,MCO,1,1,9,9,-0.03573097677403536,-0.022789129565989885,2.799999999999999,-9.2,0.04991525774989203
E2025,2025-11-12 00:00:00+00:00,98,MIL,ASV,1,1,9,9,0.0862953463427748,0.08912326123061498,-0.8000000000000007,17.0,0.01827024731324961
E2025,2025-11-12 00:00:00+00:00,99,MUN,BAR,1,0,9,9,-0.0025688531816100424,-0.01138002982128028,1.4000000000000004,2.2,-0.04351620137182144
E2025,2025-11-12 00:00:00+00:00,100,OLY,ZAL,1,1,9,9,-0.024425601837038124,-0.0396039261566381,2.6000000000000014,-7.3999999999999995,0.031178057832588313
E2025,2025-11-13 00:00:00+00:00,101,ULK,HTA,1,1,10,10,-0.10471272433987289,-0.11157146329880996,2.1999999999999993,-12.4,-0.0239329533211039
E2025,2025-11-13 00:00:00+00:00,102,TEL,BAS,1,1,10,10,-0.0499557718293423,-0.07562385355710644,-1.1999999999999993,-4.0,0.029798772796500783
E2025,2025-11-13 00:00:00+00:00,103,PRS,PAM,1,1,10,10,-0.018041504203643588,-0.04108070168804956,3.0,-7.0,0.0454804638390946
E2025,2025-11-13 00:00:00+00:00,104,MAD,PAN,1,0,10,10,0.04705520496297377,0.03058568641549464,4.200000000000001,7.6,-0.025718886909010363
E2025,2025-11-13 00:00:00+00:00,105,RED,MCO,1,1,10,10,-0.0030500882898646386,-0.0011382171414403564,2.799999999999999,6.6,-0.03631054496360897
E2025,2025-11-14 00:00:00+00:00,106,IST,MUN,1,1,10,10,-0.0073515730104903865,0.00014214958770630837,-2.200000000000001,-5.0,0.08164178094669233
E2025,2025-11-14 00:00:00+00:00,107,DUB,ZAL,1,1,10,10,-0.015800035327663164,-0.035630151291988876,-1.0,-15.2,0.12200507803574334
E2025,2025-11-14 00:00:00+00:00,108,MIL,OLY,1,1,10,10,-0.0021863391176737412,0.004081551968843744,-0.8000000000000007,-6.8,0.006817701209925031
E2025,2025-11-14 00:00:00+00:00,109,BAR,VIR,1,1,10,10,-0.00012503504377237018,0.002348803868382987,-0.3999999999999986,0.40000000000000036,-0.02804150652389581
E2025,2025-11-14 00:00:00+00:00,110,ASV,PAR,1,1,10,10,-0.04824745430952293,-0.06680402514339434,-1.1999999999999993,-5.4,-0.07397567982973213
E2025,2025-11-19 00:00:00+00:00,111,ASV,MCO,1,0,11,11,-0.09400237027116143,-0.09863665112530806,2.4000000000000004,-15.200000000000001,-0.053408503471756075
E2025,2025-11-20 00:00:00+00:00,112,IST,BAR,1,1,11,11,-0.03157102322795757,-0.04461706377404773,-0.1999999999999993,-3.2,0.05316213816211618
E2025,2025-11-20 00:00:00+00:00,113,MIL,HTA,1,0,11,11,-0.023452060007195907,-0.02496862144045897,2.4000000000000004,-4.0,-0.02243106258914762
E2025,2025-11-20 00:00:00+00:00,114,PAN,DUB,1,1,11,11,-0.02953000366944436,-0.015736398833594678,-0.1999999999999993,0.6000000000000001,-0.02546034504307393
E2025,2025-11-20 00:00:00+00:00,115,MAD,ZAL,1,1,11,11,0.00010829927581701426,-0.026465798253485384,1.4000000000000004,-7.6000000000000005,0.037263526411063896
E2025,2025-11-21 00:00:00+00:00,116,BAS,MUN,1,1,11,11,0.055366836041497614,0.0626346933398666,-1.6000000000000014,-5.0,0.016695647472690922
E2025,2025-11-21 00:00:00+00:00,117,OLY,PRS,1,1,11,11,0.04741070104764822,0.050265439759844543,-2.1999999999999993,9.8,-0.02348786815010573
E2025,2025-11-21 00:00:00+00:00,118,PAR,ULK,1,0,11,11,0.048513806615074206,0.05788602027734091,1.799999999999999,-2.1999999999999997,0.09596686753301015
E2025,2025-11-21 00:00:00+00:00,119,PAM,RED,1,1,11,11,-0.035446966225146426,-0.030694620973958253,1.799999999999999,-3.6,-0.055653170677499975
E2025,2025-11-21 00:00:00+00:00,120,VIR,TEL,1,1,11,11,0.05055680349281899,0.07110238430713,2.1999999999999993,-3.2,0.033878537337789894
E2025,2025-11-25 00:00:00+00:00,121,DUB,PRS,1,1,12,12,0.052500596743279115,0.05100222707613672,-5.199999999999999,2.8000000000000003,0.034323952511991385
E2025,2025-11-25 00:00:00+00:00,122,HTA,MAD,1,0,12,12,0.01877819959968996,0.05203753631808872,-1.5999999999999996,7.200000000000001,0.008541047522914513
E2025,2025-11-25 00:00:00+00:00,123,PAN,PAR,1,1,12,12,0.020741317398057735,0.03145034534610058,-4.199999999999999,6.6000000000000005,-0.03657071174499438
E2025,2025-11-25 00:00:00+00:00,124,PAM,MUN,1,1,12,12,-0.015562268516796207,0.006614075040695999,0.0,2.0,-0.031078585368251033
E2025,2025-11-25 00:00:00+00:00,125,ZAL,BAS,1,1,12,12,-0.03841419145668412,-0.04312716411696471,0.5999999999999996,1.8000000000000003,-0.010991625255653947
E2025,2025-11-25 00:00:00+00:00,126,ULK,VIR,1,1,12,12,-0.08327903763842492,-0.10204111650277736,-2.200000000000001,5.8,-0.04260097951447328
E2025,2025-11-26 00:00:00+00:00,127,MCO,IST,1,1,12,12,0.004927046651584388,-0.011800952034897505,-2.1999999999999993,10.600000000000001,-0.052219143207296925
E2025,2025-11-26 00:00:00+00:00,128,RED,OLY,1,1,12,12,0.01425401444147123,0.027380826979606532,1.0,-4.6,0.026517496424482867
E2025,2025-11-26 00:00:00+00:00,129,BAR,ASV,1,1,12,12,0.09685689582194362,0.13259678550446463,-4.0,18.0,-0.008621046177228087
E2025,2025-11-26 00:00:00+00:00,130,TEL,MIL,1,0,12,12,-0.06614955896211872,-0.08274622092536937,-1.200000000000001,-5.0,0.013898990799043776
E2025,2025-12-04 00:00:00+00:00,131,MCO,PRS,1,1,13,13,0.03850842581111069,0.026871036960794625,-3.1999999999999993,15.600000000000001,-0.031007897797205086
E2025,2025-12-04 00:00:00+00:00,132,PAR,MUN,1,1,13,13,0.04523175439132576,0.04066366502041319,-1.5999999999999996,1.0,0.09267019661894593
E2025,2025-12-04 00:00:00+00:00,133,HTA,ASV,1,1,13,13,0.1276156307814278,0.16259979376834244,-5.6,23.0,0.03129781830686601
E2025,2025-12-04 00:00:00+00:00,135,ZAL,TEL,1,0,13,13,0.024670711372447363,0.04810573960791842,0.7999999999999989,6.4,0.00630407355058632
E2025,2025-12-04 00:00:00+00:00,136,IST,MAD,1,0,13,13,-0.0004129619414504626,0.03215327149581004,2.8000000000000007,-7.0,0.01923911325910821
E2025,2025-12-05 00:00:00+00:00,137,RED,BAR,1,0,13,13,0.02404576786831847,0.02083624261043604,3.0,2.8000000000000003,0.054695757872259165
E2025,2025-12-05 00:00:00+00:00,138,BAS,MIL,1,1,13,13,0.0022799526456142027,0.010227272292187894,0.40000000000000036,-3.6,-0.019028027363715116
E2025,2025-12-05 00:00:00+00:00,139,PAN,PAM,1,0,13,13,0.05903554426053104,0.05740873713277406,-4.0,2.3999999999999995,0.0796120597756727
E2025,2025-12-05 00:00:00+00:00,140,VIR,DUB,1,1,13,13,0.02727877727168415,0.058851391812395626,4.0,2.0,-0.022993286965284798
E2025,2025-12-11 00:00:00+00:00,141,TEL,ASV,1,1,14,14,0.00948594832699301,0.02399660164472922,-6.800000000000001,9.399999999999999,0.010715376107259367
E2025,2025-12-11 00:00:00+00:00,143,MIL,PAN,1,1,14,14,-0.021501692453444687,-0.031135429677976,1.799999999999999,-11.600000000000001,-0.02418958545774369
E2025,2025-12-11 00:00:00+00:00,144,PRS,ZAL,1,0,14,14,0.03904198133152115,0.03966784511004218,3.0,-1.7999999999999998,0.010206149450832702
E2025,2025-12-11 00:00:00+00:00,145,MAD,BAS,1,1,14,14,-0.026691612650792118,-0.05811860310910966,0.5999999999999996,-0.20000000000000018,0.026116097941960736
E2025,2025-12-11 00:00:00+00:00,146,PAM,IST,1,1,14,14,-0.02809296791157856,-0.023229818742846353,0.0,19.4,-0.11587223830465276
E2025,2025-12-12 00:00:00+00:00,142,DUB,MUN,1,1,14,14,0.06049930159581329,0.055156030934164435,-3.0,11.799999999999999,0.0552978196832985
E2025,2025-12-12 00:00:00+00:00,147,MCO,ULK,1,0,14,13,0.06700517609967227,0.05521032391165859,0.1999999999999993,6.4,-0.01885251656098036
E2025,2025-12-12 00:00:00+00:00,148,BAR,OLY,1,1,14,13,-0.034217981699523725,-0.019819703317412563,-1.4000000000000004,0.20000000000000018,-0.04872664743597366
E2025,2025-12-12 00:00:00+00:00,149,PAR,RED,1,1,14,14,-0.016238351750364033,-0.023769785561429058,-2.8000000000000007,-4.0,-0.014336179540593852
E2025,2025-12-12 00:00:00+00:00,150,VIR,HTA,1,0,14,14,0.014241323601473455,0.029147692209243514,2.5999999999999996,-7.0,0.008939383431994408
E2025,2025-12-16 00:00:00+00:00,151,DUB,TEL,1,0,15,15,0.0171428423464014,0.008088768430954296,1.0,-4.4,-0.002292331479975762
E2025,2025-12-16 00:00:00+00:00,152,MIL,MAD,1,1,15,15,0.020059416271217434,0.03281705119194522,-1.0,-3.0,-0.015000839034368774
E2025,2025-12-16 00:00:00+00:00,153,ULK,PAN,1,0,14,15,-0.054070093168061995,-0.06621574189871104,3.4000000000000004,-0.20000000000000018,-0.02806056428703474
E2025,2025-12-16 00:00:00+00:00,154,HTA,RED,1,1,15,15,0.030829841002285252,0.0368033150947642,-2.5999999999999996,4.0,-0.021166457546704653
E2025,2025-12-16 00:00:00+00:00,155,OLY,PAM,1,0,14,15,0.031970978978100084,0.015444551344102164,-3.8000000000000007,-8.6,0.13189442148896502
E2025,2025-12-16 00:00:00+00:00,156,PRS,BAR,1,0,15,15,0.022839655030777117,0.025497693553959477,3.8000000000000007,-14.399999999999999,0.03258836988440461
E2025,2025-12-17 00:00:00+00:00,157,BAS,MCO,1,1,15,15,-0.03929642021767188,-0.004107282680110402,-0.5999999999999996,-13.399999999999999,0.03860752411533985
E2025,2025-12-17 00:00:00+00:00,158,ASV,MUN,1,1,15,15,-0.01961330041976861,-0.028583487616176795,1.5999999999999996,0.40000000000000036,-0.027453864487251345
E2025,2025-12-17 00:00:00+00:00,159,PAR,VIR,1,0,15,15,-0.0312507626309414,-0.05327953878356084,-4.200000000000001,-4.4,-0.010281023540770873
E2025,2025-12-17 00:00:00+00:00,160,ZAL,IST,1,0,15,15,-0.006236880962276703,0.0017405374566102916,-3.799999999999999,8.799999999999999,0.007406901616733075
E2025,2025-12-18 00:00:00+00:00,161,MIL,ULK,1,0,16,15,0.07467450716688329,0.06658258936354877,-3.0,-5.2,-0.011370258932023314
E2025,2025-12-18 00:00:00+00:00,162,TEL,PAM,1,1,16,16,-0.011690425219593847,-0.022237664987381778,-2.4000000000000004,-10.799999999999999,0.1065547635439969
E2025,2025-12-18 00:00:00+00:00,163,PAN,HTA,1,1,16,16,-0.013568081101274165,-0.024163061472743608,0.1999999999999993,-1.7999999999999998,-0.01171098627965006
E2025,2025-12-18 00:00:00+00:00,164,MAD,PRS,1,1,16,16,0.034483831405753174,0.0031537652634850977,-1.0,12.2,-0.007942417678222013
E2025,2025-12-19 00:00:00+00:00,165,IST,DUB,1,0,16,16,0.004116023587022011,0.027409047707001144,1.799999999999999,-1.5999999999999996,-0.008571794691754175
E2025,2025-12-19 00:00:00+00:00,166,MCO,MUN,1,1,16,16,0.051733772989610904,0.02840204462771101,-4.0,25.799999999999997,-0.018727528336893062
E2025,2025-12-19 00:00:00+00:00,167,RED,VIR,1,1,16,16,-0.04120555346493271,-0.06591793303769222,0.40000000000000036,-6.6000000000000005,0.0372801222393464
E2025,2025-12-19 00:00:00+00:00,168,BAR,BAS,1,1,16,16,-0.0359426688087614,-0.05611355534219997,-1.200000000000001,5.199999999999999,0.012224397726986691
E2025,2025-12-19 00:00:00+00:00,169,OLY,ASV,1,1,15,16,0.09862685553983597,0.10788970731734787,-4.199999999999999,7.0,0.08474206247471339
E2025,2025-12-19 00:00:00+00:00,170,ZAL,PAR,1,1,16,16,0.02177926325932189,0.03381847026897444,0.6000000000000014,3.6000000000000005,0.02582907024795672
E2025,2025-12-23 00:00:00+00:00,171,MUN,HTA,1,0,17,17,-0.030565636213606973,-0.04617972361712597,3.1999999999999993,-13.6,-0.04782670882591389
E2025,2025-12-23 00:00:00+00:00,172,ULK,BAR,1,1,16,17,-0.015209870092184774,-0.008513516207705796,2.6000000000000014,-5.6000000000000005,0.0015563040542968531
E2025,2025-12-23 00:00:00+00:00,173,ASV,IST,1,1,17,17,-0.01034201790896494,-0.01317886763705034,2.1999999999999993,-2.1999999999999993,-0.02590572645382838
E2025,2025-12-23 00:00:00+00:00,174,PRS,RED,1,1,17,17,0.004340688093725453,0.021208972746182164,-0.5999999999999996,-7.799999999999999,-0.04694642359346701
E2025,2025-12-23 00:00:00+00:00,175,PAM,BAS,1,1,17,17,-0.0023579823791618493,-0.005047171403727457,0.5999999999999996,12.4,-0.0962143601606652
E2025,2025-12-23 00:00:00+00:00,176,ZAL,PAN,1,0,17,17,-0.010394343044586751,0.014835024209993275,1.0,-0.3999999999999999,-0.013477229516586586
E2025,2025-12-23 00:00:00+00:00,177,DUB,MIL,1,1,17,17,-0.04230407395560254,-0.05010992169864048,-1.0,0.0,0.004220598631836658
E2025,2025-12-26 00:00:00+00:00,178,MCO,MAD,1,1,17,17,0.04246823952354872,0.01873952113254107,-1.3999999999999986,10.6,-0.012447261181182001
E2025,2025-12-26 00:00:00+00:00,179,PAR,TEL,1,0,17,17,-0.06132879804664715,-0.0531066445229606,0.5999999999999996,-17.599999999999998,-0.022382947829789446
E2025,2025-12-26 00:00:00+00:00,180,VIR,OLY,1,0,17,16,-0.035619758483384945,-0.021860487269103057,2.1999999999999993,1.4000000000000001,0.015499953032811042
E2025,2025-12-30 00:00:00+00:00,181,BAR,MCO,1,0,18,18,-0.03438634159518539,-0.018559351964565374,-0.5999999999999996,2.8,0.030305803279628507
E2025,2025-12-30 00:00:00+00:00,182,HTA,ZAL,1,0,18,18,0.025495740568411418,0.02979266427963123,1.0,4.2,0.03365642798277024
E2025,2025-12-30 00:00:00+00:00,183,ASV,PRS,1,1,18,18,-0.006936065698757821,-0.010482377772995655,1.200000000000001,0.5999999999999996,-0.014011745969124134
E2025,2025-12-30 00:00:00+00:00,184,PAM,PAR,1,1,18,18,0.05336044431335196,0.04694495379925612,1.799999999999999,22.0,-0.055267387649952315
E2025,2026-01-02 00:00:00+00:00,185,IST,RED,1,0,18,18,0.018818253783801975,0.015140874658948422,-3.6000000000000014,5.0,-0.0974434139953908
E2025,2026-01-02 00:00:00+00:00,186,BAS,ULK,1,0,18,17,0.04577472505068314,0.056172551929943526,-0.1999999999999993,-5.0,-0.05275990606568648
E2025,2026-01-02 00:00:00+00:00,187,MUN,TEL,1,1,18,18,-0.0251372753754584,-0.018040700422140787,4.4,-20.4,-0.011058800738486585
E2025,2026-01-02 00:00:00+00:00,188,PAN,OLY,1,0,18,17,-0.06582374195108287,-0.07332715001159384,-3.0,2.0,-0.011681633007525782
E2025,2026-01-02 00:00:00+00:00,189,MAD,DUB,1,1,18,18,0.009137234451893739,0.018222690379636752,2.4000000000000004,-0.6000000000000001,-0.05014138253770928
E2025,2026-01-02 00:00:00+00:00,190,VIR,MIL,1,1,18,18,0.004853259973254032,0.0247658914601514,0.7999999999999989,5.6,0.024974906866321755
E2025,2026-01-06 00:00:00+00:00,191,MCO,PAR,1,1,19,19,0.02975495814259399,0.00018854258526346257,-2.8000000000000007,24.6,0.0027831552062007603
E2025,2026-01-06 00:00:00+00:00,192,RED,PAM,1,0,19,19,0.002579714405311795,0.010673607351657455,3.1999999999999993,-7.0,0.1287653751498397
E2025,2026-01-06 00:00:00+00:00,193,BAR,TEL,1,1,19,19,-0.027585455395299552,-0.01844025368722335,-1.799999999999999,1.6000000000000005,0.06480994502450016
E2025,2026-01-06 00:00:00+00:00,194,ULK,OLY,1,1,18,18,-0.055619618726008624,-0.05079379244333693,1.0,4.3999999999999995,0.02809071103947458
E2025,2026-01-06 00:00:00+00:00,195,HTA,DUB,1,1,19,19,-0.025496324192984976,0.017806067159088168,2.4000000000000004,0.20000000000000007,-0.04185841932243228
E2025,2026-01-06 00:00:00+00:00,196,ASV,MAD,1,0,19,19,-0.039788949665736095,-0.00642343651675048,1.3999999999999986,-6.8,-0.0017153749889669
E2025,2026-01-06 00:00:00+00:00,197,PAN,MIL,1,0,19,19,-0.02854683462998786,-0.029446456493546935,-1.8000000000000007,6.0,0.01793932808308063
E2025,2026-01-06 00:00:00+00:00,198,VIR,ZAL,1,1,19,19,0.03178450535441679,0.028755120901744258,3.200000000000001,-1.2000000000000002,0.03454975147651418
E2025,2026-01-07 00:00:00+00:00,199,IST,PRS,1,0,19,19,0.003633320655895056,-0.008816934446976621,0.1999999999999993,0.0,-0.03288662192867714
E2025,2026-01-07 00:00:00+00:00,200,MUN,BAS,1,1,19,19,-0.02873891990912958,-0.015044640560345157,-0.8000000000000007,3.0,-0.042231857384881
E2025,2026-01-08 00:00:00+00:00,201,DUB,ULK,1,1,20,19,-0.030988387732178935,-0.048844238639320636,-3.0,-13.0,0.0033212170684330244
E2025,2026-01-08 00:00:00+00:00,202,MAD,TEL,1,1,20,20,0.0024498567349234834,0.006267305495674003,-0.3999999999999986,4.4,0.06910791629966195
E2025,2026-01-08 00:00:00+00:00,203,PAM,MCO,1,0,20,20,-0.016741877209412337,-0.011239182943843296,0.8000000000000007,-1.5999999999999996,-0.02845194623542069
E2025,2026-01-08 00:00:00+00:00,204,PAN,VIR,1,1,20,20,-0.0592968201470897,-0.07679558236109352,-2.200000000000001,-5.2,-0.03746784217304511
E2025,2026-01-09 00:00:00+00:00,206,BAS,ASV,1,1,20,20,0.03841527966940694,0.011314636297380054,1.5999999999999996,-1.4000000000000004,-0.005933466014119759
E2025,2026-01-09 00:00:00+00:00,207,MIL,IST,1,1,20,20,0.014993347942628521,0.018550936412905727,-1.5999999999999996,-0.3999999999999999,0.05499664404465293
E2025,2026-01-09 00:00:00+00:00,208,BAR,PAR,1,1,20,20,0.030330103672006392,0.010861809853317306,-2.3999999999999986,26.6,0.02491971063631626
E2025,2026-01-09 00:00:00+00:00,209,OLY,MUN,1,1,19,20,0.024129169433677045,0.006615287253643687,-2.4000000000000004,4.6,0.05578286954923961
E2025,2026-01-09 00:00:00+00:00,210,ZAL,RED,1,1,20,20,-0.02431112483589759,-0.02297393669693104,-5.199999999999999,6.0,-0.059090724078736945
E2025,2026-01-14 00:00:00+00:00,219,PAR,OLY,1,0,21,20,-0.05726172671773788,-0.03169983034007762,1.1999999999999993,-30.4,-0.0025672908543086237
E2025,2026-01-15 00:00:00+00:00,211,IST,BAS,1,0,21,21,-0.01867143263757931,-0.012719925079223482,0.8000000000000007,-2.1999999999999993,-0.01078520035340158
E2025,2026-01-15 00:00:00+00:00,212,MUN,PAN,1,1,21,21,0.0385413050031882,0.062056279363185474,4.4,-6.6,-0.02581938445223575
E2025,2026-01-15 00:00:00+00:00,213,TEL,ZAL,1,1,21,21,-0.039600357230062166,-0.07000924600603686,0.5999999999999996,-18.6,-0.0884180797359096
E2025,2026-01-15 00:00:00+00:00,214,PRS,MCO,1,0,20,21,-0.09848222309846943,-0.1055505515193722,0.20000000000000107,-16.8,0.026138998161267468
E2025,2026-01-15 00:00:00+00:00,215,DUB,VIR,1,0,21,21,-0.058925277729362846,-0.08042005800619278,-4.800000000000001,-3.1999999999999997,0.009116135149471294
E2025,2026-01-15 00:00:00+00:00,216,MIL,RED,1,0,21,21,-0.0013496676756918902,-0.014121025379771668,-4.199999999999999,5.6,-0.010389292507879011
E2025,2026-01-16 00:00:00+00:00,217,ULK,PAM,1,1,20,21,0.008796566090736424,0.01354672932788148,-4.600000000000001,0.0,0.09194235447374272
E2025,2026-01-16 00:00:00+00:00,218,ASV,HTA,1,0,21,20,-0.03320371540957612,-0.024774888572473674,2.5999999999999996,-9.4,-0.009267204027165188
E2025,2026-01-16 00:00:00+00:00,220,MAD,BAR,1,1,21,21,0.033197495016704215,0.03601954110654382,0.7999999999999989,3.2,0.0009027040331984759
E2025,2026-01-20 00:00:00+00:00,221,MCO,RED,1,0,22,22,0.03474325020293023,0.04359222151830444,-4.600000000000001,16.8,-0.030916238400653162
E2025,2026-01-20 00:00:00+00:00,222,BAR,DUB,1,1,22,22,0.013147851572127833,0.037989366574671,2.200000000000001,4.199999999999999,-0.09207842432928887
E2025,2026-01-20 00:00:00+00:00,223,HTA,IST,1,1,21,22,0.012735110602971722,0.013829387227635603,-4.600000000000001,15.399999999999999,0.01612738889779325
E2025,2026-01-20 00:00:00+00:00,224,OLY,TEL,1,1,21,22,0.026611246768789898,0.02736219315557642,0.8000000000000007,14.2,0.07347857707018507
E2025,2026-01-20 00:00:00+00:00,225,PAN,BAS,1,1,22,22,0.00913028640698843,0.025992010742722838,-2.6000000000000014,1.6,0.06659123193928723
E2025,2026-01-20 00:00:00+00:00,226,MUN,PAR,1,0,22,22,0.09438080518381842,0.10149650254274822,1.799999999999999,24.8,-0.017972670074818342
E2025,2026-01-20 00:00:00+00:00,227,MAD,MIL,1,1,22,22,0.019252797693173895,0.014510716977593763,0.5999999999999996,10.399999999999999,0.002206596926161819
E2025,2026-01-20 00:00:00+00:00,228,PAM,PRS,1,1,22,21,0.009260696796932755,0.0073757099970839235,0.40000000000000036,6.199999999999999,-0.01871632499943271
E2025,2026-01-20 00:00:00+00:00,229,ASV,ZAL,1,0,22,22,-0.07891414002026342,-0.07124348402308933,2.799999999999999,-9.2,-0.027383962786431515
E2025,2026-01-21 00:00:00+00:00,230,VIR,ULK,1,0,22,21,-0.00945223564055686,-0.00849244951241257,2.8000000000000007,-1.6,0.03209375603705278
E2025,2026-01-22 00:00:00+00:00,231,IST,OLY,1,0,23,22,-0.05844541996900121,-0.0489460622060246,4.0,-23.200000000000003,0.011346650254952517
E2025,2026-01-22 00:00:00+00:00,232,MUN,PAM,1,1,23,23,0.04715245628854092,0.057486338264999604,1.4000000000000004,-2.6000000000000005,0.012886731390986839
E2025,2026-01-22 00:00:00+00:00,233,TEL,PAN,1,1,23,23,-0.004859674899821975,-0.01011082587501444,1.0,-11.4,-0.0727339652403105
E2025,2026-01-22 00:00:00+00:00,234,PRS,DUB,1,0,22,23,0.006977337019496654,0.007356523231271228,3.4000000000000004,5.199999999999999,-0.07072507840478975
E2025,2026-01-22 00:00:00+00:00,235,MAD,MCO,1,1,23,23,0.05789089495028954,0.05486939819179981,2.0,7.800000000000001,-0.05048829651267178
E2025,2026-01-22 00:00:00+00:00,236,MIL,ZAL,1,0,23,23,-0.02384809029816337,-0.019746086716056932,1.5999999999999996,-16.0,-0.03092625666886545
E2025,2026-01-23 00:00:00+00:00,237,ULK,BAS,1,1,22,23,0.039992366901684284,0.05273996949820636,-3.799999999999999,8.4,0.02265662804363927
E2025,2026-01-23 00:00:00+00:00,238,ASV,BAR,1,0,23,23,-0.08701914463294147,-0.07900812465417145,2.4000000000000004,-6.6,-0.01929334409168343
E2025,2026-01-23 00:00:00+00:00,239,PAR,HTA,1,1,23,22,-0.03478052721113256,-0.024832128019481536,2.0,-23.4,0.047815634525370854
E2025,2026-01-23 00:00:00+00:00,240,VIR,RED,1,0,23,23,-0.022412950004781385,-0.025459254529701325,-3.5999999999999996,4.2,0.08617458833724956
E2025,2026-01-27 00:00:00+00:00,241,PRS,MAD,1,1,23,24,-0.11493312180462034,-0.12975942592318468,0.5999999999999996,-25.0,0.05692938958309002
E2025,2026-01-29 00:00:00+00:00,242,ULK,IST,1,1,23,24,0.0663925377084359,0.05262755730626567,-0.7999999999999989,12.2,-0.011688676561463551
E2025,2026-01-29 00:00:00+00:00,243,HTA,MUN,1,0,23,24,-0.04856446652219726,-0.05990301003261389,-3.1999999999999993,4.6000000000000005,0.0021609785379194113
E2025,2026-01-29 00:00:00+00:00,244,OLY,BAR,1,1,23,24,-0.05082500344963603,-0.057863669434893295,-1.6000000000000014,8.0,0.0019491650738815425
E2025,2026-01-29 00:00:00+00:00,245,PAM,TEL,1,1,24,24,0.0028651546640824366,0.00948844901052548,3.5999999999999996,7.4,0.01889478031995967
E2025,2026-01-29 00:00:00+00:00,246,MIL,PAR,1,1,24,24,0.0789781260104131,0.08744846341364876,-0.40000000000000036,10.2,-7.055785691167937e-05
E2025,2026-01-30 00:00:00+00:00,247,MCO,VIR,1,0,24,24,0.04770919420701236,0.062457022321199096,-1.1999999999999993,6.6,-0.07639450052459695
E2025,2026-01-30 00:00:00+00:00,248,BAS,ZAL,1,1,24,24,-0.06477661604005047,-0.07173738957568399,3.0,-13.6,-0.06041076135429896
E2025,2026-01-30 00:00:00+00:00,249,RED,DUB,1,1,24,24,0.005018269037327827,0.010907553474041598,2.6000000000000014,-4.8,-0.02177606795803022
E2025,2026-01-30 00:00:00+00:00,250,ASV,PAN,1,0,24,24,-0.03490783242739437,-0.022082221684826986,3.1999999999999993,-11.6,-0.043512465953402635
E2025,2026-02-03 00:00:00+00:00,251,IST,PAM,1,1,25,25,-0.058889624299390264,-0.056528241354261266,-1.8000000000000007,-12.8,0.05132608962950125
E2025,2026-02-03 00:00:00+00:00,252,RED,HTA,1,1,25,24,0.0370976746640016,0.04741817043691232,0.40000000000000036,-5.6,-0.0030307261319511003
E2025,2026-02-03 00:00:00+00:00,253,DUB,OLY,1,1,25,24,0.005811057059069702,-0.011479946911965966,-1.6000000000000014,-12.0,0.04179868080047283
E2025,2026-02-03 00:00:00+00:00,254,MIL,BAS,1,1,25,25,0.05285997296754552,0.07543138874674671,-1.1999999999999993,-4.0,0.002497661459506584
E2025,2026-02-03 00:00:00+00:00,255,BAR,ULK,1,0,25,24,0.002112899008514857,0.02134460175717945,-0.40000000000000036,-6.2,-0.0030833711953100473
E2025,2026-02-03 00:00:00+00:00,256,MUN,PRS,1,1,25,24,0.0345212445583063,0.041356771517416235,0.40000000000000036,7.6,-0.012178700405212461
E2025,2026-02-03 00:00:00+00:00,257,TEL,PAR,1,1,25,25,0.031527937790887806,0.038126000845706776,-2.5999999999999996,6.4,-0.07833352554152218
E2025,2026-02-03 00:00:00+00:00,258,PAN,MAD,1,1,25,25,-0.10884259131821639,-0.1188865054934386,-4.4,-8.799999999999999,0.07652428467582706
E2025,2026-02-03 00:00:00+00:00,259,ZAL,MCO,1,1,25,25,0.07721067322254882,0.06248737896021128,1.0,8.399999999999999,0.02771717848042554
E2025,2026-02-04 00:00:00+00:00,260,VIR,ASV,1,0,25,25,0.01981216388857787,0.009417902034253967,-2.5999999999999996,4.6,0.10727439257713317
E2025,2026-02-05 00:00:00+00:00,261,DUB,MAD,1,1,26,26,-0.044795101055482234,-0.05699269207871571,-4.0,-7.199999999999999,0.10463223837759394
E2025,2026-02-05 00:00:00+00:00,262,MUN,MCO,1,1,26,26,0.02227824134728973,0.0369653703025421,5.199999999999999,11.0,-0.03416428605982402
E2025,2026-02-05 00:00:00+00:00,263,HTA,PAM,1,0,25,26,-0.010093793047977084,-0.016271416330371657,1.0,-3.6,0.010352737986962735
E2025,2026-02-05 00:00:00+00:00,264,PRS,ULK,1,0,25,25,-0.1025680019027082,-0.08010865301331771,-1.5999999999999996,-16.8,-0.002384269471645606
E2025,2026-02-05 00:00:00+00:00,265,PAR,PAN,1,1,26,26,-0.01112294077311593,-0.032098558851925474,2.0,-9.8,0.027953621408779883
E2025,2026-02-06 00:00:00+00:00,266,IST,ZAL,1,1,26,26,-0.09555961532699475,-0.07647816479376157,0.8000000000000007,-10.2,-0.03475167965698489
E2025,2026-02-06 00:00:00+00:00,267,BAS,BAR,1,0,26,26,-0.027996369091723095,-0.050415329183231994,-0.7999999999999989,-0.20000000000000018,-0.02682913923684671
E2025,2026-02-06 00:00:00+00:00,268,RED,TEL,1,0,26,26,0.01385966722005838,0.020171527432932712,4.0,9.0,0.01637251480354307
E2025,2026-02-06 00:00:00+00:00,269,ASV,MIL,1,0,26,26,-0.09329998876396217,-0.08966830489173161,3.4000000000000004,-2.0,-0.025401717771203258
E2025,2026-02-06 00:00:00+00:00,270,OLY,VIR,1,1,25,26,0.01876184668400871,0.02425619687388947,0.7999999999999989,13.399999999999999,-0.06883944159895317
E2025,2026-02-12 00:00:00+00:00,271,IST,VIR,1,1,27,27,-0.020361021018526326,-0.022821525041068158,-0.7999999999999989,10.600000000000001,-0.035826742099732356
E2025,2026-02-12 00:00:00+00:00,272,OLY,RED,1,1,26,27,0.003955869422822111,-0.012926639139671847,-3.4000000000000004,4.0,-0.007182454383404258
E2025,2026-02-12 00:00:00+00:00,273,TEL,MUN,1,1,27,27,0.02627328389173722,0.01503856288004124,-1.0,-8.2,-0.0008925254317747044
E2025,2026-02-12 00:00:00+00:00,274,PAM,ASV,1,1,27,27,0.041075578596151074,0.059201186275198436,1.3999999999999986,5.4,-0.013329801426351373
E2025,2026-02-12 00:00:00+00:00,275,BAR,PRS,1,0,27,26,0.09814639338463593,0.10243323042679664,-1.5999999999999996,7.0,0.019914283423061008
E2025,2026-02-13 00:00:00+00:00,276,PAR,MAD,1,0,27,27,-0.05468941428889751,-0.06817879875956245,-2.1999999999999993,-2.2,0.10373386136671714
E2025,2026-02-13 00:00:00+00:00,277,MCO,BAS,1,1,27,27,-0.022215739545171087,-0.00316938018278079,-0.5999999999999996,0.5999999999999996,0.02905768239223072
E2025,2026-02-13 00:00:00+00:00,278,MIL,DUB,1,0,27,27,0.019841985934539563,0.031682479992367396,1.8000000000000007,-7.8,-0.03156316355718275
E2025,2026-02-13 00:00:00+00:00,279,PAN,ULK,1,0,27,26,-0.08059460312159061,-0.05726934931921113,-3.1999999999999993,-7.999999999999999,-0.004761689478298525
E2025,2026-02-13 00:00:00+00:00,280,ZAL,HTA,1,1,27,26,0.0743230929339892,0.05475001882555286,-1.4000000000000004,9.8,0.06326905587008691
